{
  "contactos pagina" : {
    "transaction" : "contactos pagina",
    "sampleCount" : 60,
    "errorCount" : 0,
    "errorPct" : 0.0,
    "meanResTime" : 458.3500000000001,
    "medianResTime" : 401.5,
    "minResTime" : 2.0,
    "maxResTime" : 1388.0,
    "pct1ResTime" : 925.5,
    "pct2ResTime" : 1267.0499999999997,
    "pct3ResTime" : 1388.0,
    "throughput" : 11.855364552459987,
    "receivedKBytesPerSec" : 19.195502371072912,
    "sentKBytesPerSec" : 3.334321280379372
  },
  "Total" : {
    "transaction" : "Total",
    "sampleCount" : 370,
    "errorCount" : 0,
    "errorPct" : 0.0,
    "meanResTime" : 623.464864864865,
    "medianResTime" : 519.0,
    "minResTime" : 2.0,
    "maxResTime" : 2305.0,
    "pct1ResTime" : 1309.6000000000015,
    "pct2ResTime" : 1703.1999999999994,
    "pct3ResTime" : 2177.500000000001,
    "throughput" : 55.72289156626506,
    "receivedKBytesPerSec" : 2649.5290733245483,
    "sentKBytesPerSec" : 18.6499905873494
  },
  "api contactos" : {
    "transaction" : "api contactos",
    "sampleCount" : 122,
    "errorCount" : 0,
    "errorPct" : 0.0,
    "meanResTime" : 674.4426229508193,
    "medianResTime" : 527.5,
    "minResTime" : 3.0,
    "maxResTime" : 2305.0,
    "pct1ResTime" : 1262.3,
    "pct2ResTime" : 2060.95,
    "pct3ResTime" : 2295.5699999999997,
    "throughput" : 18.373493975903617,
    "receivedKBytesPerSec" : 2333.9899637612953,
    "sentKBytesPerSec" : 3.2835443335843375
  },
  "contactos" : {
    "transaction" : "contactos",
    "sampleCount" : 98,
    "errorCount" : 0,
    "errorPct" : 0.0,
    "meanResTime" : 697.8367346938775,
    "medianResTime" : 551.0,
    "minResTime" : 64.0,
    "maxResTime" : 2014.0,
    "pct1ResTime" : 1514.7000000000005,
    "pct2ResTime" : 1792.8999999999999,
    "pct3ResTime" : 2014.0,
    "throughput" : 15.625,
    "receivedKBytesPerSec" : 307.4951171875,
    "sentKBytesPerSec" : 2.7313232421875
  },
  "contactos get one" : {
    "transaction" : "contactos get one",
    "sampleCount" : 52,
    "errorCount" : 0,
    "errorPct" : 0.0,
    "meanResTime" : 648.25,
    "medianResTime" : 503.0,
    "minResTime" : 70.0,
    "maxResTime" : 2002.0,
    "pct1ResTime" : 1385.7,
    "pct2ResTime" : 1937.9499999999994,
    "pct3ResTime" : 2002.0,
    "throughput" : 9.599409267122024,
    "receivedKBytesPerSec" : 11.774275429204357,
    "sentKBytesPerSec" : 1.7342682757984125
  },
  "contactos update" : {
    "transaction" : "contactos update",
    "sampleCount" : 38,
    "errorCount" : 0,
    "errorPct" : 0.0,
    "meanResTime" : 494.78947368421063,
    "medianResTime" : 458.5,
    "minResTime" : 19.0,
    "maxResTime" : 930.0,
    "pct1ResTime" : 926.2,
    "pct2ResTime" : 929.05,
    "pct3ResTime" : 930.0,
    "throughput" : 10.111761575306014,
    "receivedKBytesPerSec" : 1.5009646088344863,
    "sentKBytesPerSec" : 15.602132118147951
  }
}